from,to,arrival_time,time_index,length,maxspeed,flood_level,effective_time,risk,cost,geometry
1344300941,335252088,1894.0,31,34.61805336615442,7.465277777777778,0.0005967410175767,4.637209009047662,1.0249547976719696e-05,4.637209009047662,"LINESTRING (13482984.453360913 1647330.455813063, 13483020.075597966 1647326.7050825614)"
335252088,33952721,1898.6372090090476,31,31.11562783000832,7.465277777777778,5.4094246109523815e-08,4.1680468907173935,8.350642797116698e-10,4.1680468907173935,"LINESTRING (13482952.426743414 1647333.7463316931, 13482984.453360913 1647330.455813063)"
33952721,33952720,1902.8052558997651,31,85.3793173723646,7.465277777777778,0.1110995004041869,38.12285798952094,0.015861051709902187,38.12285798952094,"LINESTRING (13482952.426743414 1647333.7463316931, 13482957.56970389 1647378.904716366, 13482962.32304614 1647421.53200456)"
33952720,33952479,1940.9281138892861,32,106.49453078599392,5.555555555555555,0.1555804133538668,63.89671847159636,0.03739158923889792,63.89671847159636,"LINESTRING (13483071.883688984 1647409.7735389268, 13482991.700259764 1647418.3680333276, 13482962.32304614 1647421.53200456)"
33952479,33952720,2004.8248323608825,33,106.49453078599392,5.555555555555555,0.1570727181471333,63.89671847159636,0.03775578978284522,63.89671847159636,"LINESTRING (13483071.883688984 1647409.7735389268, 13482991.700259764 1647418.3680333276, 13482962.32304614 1647421.53200456)"
33952720,33952721,2068.721550832479,34,85.3793173723646,7.465277777777778,0.1141987417892011,38.12285798952094,0.016308509696549345,38.12285798952094,"LINESTRING (13482952.426743414 1647333.7463316931, 13482957.56970389 1647378.904716366, 13482962.32304614 1647421.53200456)"
33952721,335252088,2106.844408822,35,31.11562783000832,7.465277777777778,5.5374430738095234e-08,4.1680468907173935,8.548267597823083e-10,4.1680468907173935,"LINESTRING (13482952.426743414 1647333.7463316931, 13482984.453360913 1647330.455813063)"
335252088,1344300941,2111.0124557127174,35,34.61805336615442,7.465277777777778,0.0005984065869372,4.637209009047662,1.027815729644969e-05,4.637209009047662,"LINESTRING (13482984.453360913 1647330.455813063, 13483020.075597966 1647326.7050825614)"
