from,to,arrival_time,time_index,length,maxspeed,flood_level,effective_time,risk,cost,geometry
1344300941,459421830,1133.0,18,26.79457179079155,7.465277777777778,0.0066103280346014,3.589226360813008,8.79320269384626e-05,1.7946571464199732,"LINESTRING (13483020.075597966 1647326.7050825614, 13483047.616039991 1647323.518112603)"
459421830,335260169,1136.589226360813,18,48.80213403130266,7.465277777777778,0.0066652352880274,6.5372160934954255,0.00016148564891224184,3.268688789572169,"LINESTRING (13483047.616039991 1647323.518112603, 13483060.184010498 1647322.758762419, 13483062.276816929 1647323.3685436258, 13483062.543983703 1647325.8191739044, 13483066.22865885 1647358.8739426467)"
335260169,33952479,1143.1264424543083,19,49.49538094806955,7.465277777777778,0.3201356336979994,22.100263120998502,0.027042603597691995,11.063652862298097,"LINESTRING (13483071.883688984 1647409.7735389268, 13483066.22865885 1647358.8739426467)"
33952479,33952720,1165.2267055753068,19,106.49453078599392,5.555555555555555,0.1361804510414029,63.89671847159636,0.03266656969522987,31.964692520645794,"LINESTRING (13483071.883688984 1647409.7735389268, 13482991.700259764 1647418.3680333276, 13482962.32304614 1647421.53200456)"
33952720,33952721,1229.1234240469032,20,85.3793173723646,7.465277777777778,0.0997356153258014,11.436857396856281,0.004266807760793763,5.720562102308538,"LINESTRING (13482952.426743414 1647333.7463316931, 13482957.56970389 1647378.904716366, 13482962.32304614 1647421.53200456)"
33952721,335252088,1240.5602814437595,20,31.11562783000832,7.465277777777778,5.0573738380952376e-08,4.1680468907173935,7.807174595435041e-10,2.0840234457490556,"LINESTRING (13482952.426743414 1647333.7463316931, 13482984.453360913 1647330.455813063)"
335252088,1344300941,1244.728328334477,20,34.61805336615442,7.465277777777778,0.0005921607018353,4.637209009047662,1.0170872396595803e-05,2.318609589960029,"LINESTRING (13482984.453360913 1647330.455813063, 13483020.075597966 1647326.7050825614)"
