from,to,arrival_time,time_index,length,maxspeed,flood_level,effective_time,risk,cost,geometry
1344300941,335252088,1105.0,18,34.61805336615442,7.465277777777778,0.0005913279171551,4.637209009047662,1.0156567753407451e-05,2.3186095828077073,"LINESTRING (13482984.453360913 1647330.455813063, 13483020.075597966 1647326.7050825614)"
335252088,33952721,1109.6372090090476,18,31.11562783000832,7.465277777777778,4.993364606666666e-08,4.1680468907173935,7.708362195170395e-10,2.0840234457441147,"LINESTRING (13482952.426743414 1647333.7463316931, 13482984.453360913 1647330.455813063)"
33952721,33952720,1113.8052558997651,18,85.3793173723646,7.465277777777778,0.0976694544024586,11.436857396856281,0.004177560229768026,5.720517478543025,"LINESTRING (13482952.426743414 1647333.7463316931, 13482957.56970389 1647378.904716366, 13482962.32304614 1647421.53200456)"
33952720,33952479,1125.2421132966215,18,106.49453078599392,5.555555555555555,0.1346881462481364,63.89671847159636,0.03230384418764715,31.964511157892,"LINESTRING (13483071.883688984 1647409.7735389268, 13482991.700259764 1647418.3680333276, 13482962.32304614 1647421.53200456)"
33952479,33952720,1189.1388317682179,19,106.49453078599392,5.555555555555555,0.1361804510414029,63.89671847159636,0.03266656969522987,31.964692520645794,"LINESTRING (13483071.883688984 1647409.7735389268, 13482991.700259764 1647418.3680333276, 13482962.32304614 1647421.53200456)"
33952720,33952721,1253.0355502398143,20,85.3793173723646,7.465277777777778,0.0997356153258014,11.436857396856281,0.004266807760793763,5.720562102308538,"LINESTRING (13482952.426743414 1647333.7463316931, 13482957.56970389 1647378.904716366, 13482962.32304614 1647421.53200456)"
33952721,335252088,1264.4724076366706,21,31.11562783000832,7.465277777777778,5.089378453809523e-08,4.1680468907173935,7.856580795572105e-10,2.0840234457515256,"LINESTRING (13482952.426743414 1647333.7463316931, 13482984.453360913 1647330.455813063)"
335252088,1344300941,1268.640454527388,21,34.61805336615442,7.465277777777778,0.0005925770941754,4.637209009047662,1.0178024719083322e-05,2.3186095935361903,"LINESTRING (13482984.453360913 1647330.455813063, 13483020.075597966 1647326.7050825614)"
